customer_id,name,email,phone,age,salary,city,purchase_amount,age_mean_filled,salary_median_filled,purchase_mode_filled,age_ffill,age_bfill
C001,Mayurkumar Surani,mayur@example.com,9876543210,28.0,1200000.0,Pune,50000.0,28.0,1200000.0,50000.0,28.0,28.0
C002,Rahul Sharma,,8765432109,35.0,900000.0,Mumbai,,35.0,900000.0,50000.0,35.0,35.0
C003,,priya@example.com,,,,Bangalore,75000.0,31.666666666666668,1025000.0,75000.0,35.0,42.0
C004,Priya Patel,amit@example.com,7654321098,42.0,1500000.0,,120000.0,42.0,1500000.0,120000.0,42.0,42.0
C005,,,,25.0,800000.0,Pune,,25.0,800000.0,50000.0,25.0,25.0
C006,Amit Kumar,sneha@example.com,6543210987,,,Delhi,85000.0,31.666666666666668,1025000.0,85000.0,25.0,31.0
C007,Sneha Desai,invalid,5432109876,31.0,1100000.0,,95000.0,31.0,1100000.0,95000.0,31.0,31.0
C008,,,,29.0,950000.0,Mumbai,110000.0,29.0,950000.0,110000.0,29.0,29.0
